{
	"Changes": [

{		
			"LogName": "Abigail Pregnancy Event 1",
			"Action": "EditData",
			"Target": "Data/Events/Farmhouse",
			"When": { "PlayerGetsPregnant":"false",
			       	"Pregnant": "Abigail",
				"AdoptionEvents": "off",
				"HasMod |contains=ApryllForever.CPPolyamorySweet": false,},
			"Entries":{"64780019/O Abigail": "continue/28 30/farmer 27 30 0 Abigail 29 25 3 Harvey 0 0 0/addConversationTopic AbigailPregnant 13/addMailReceived Pregnant1_Abigail/skippable/pause 1250/viewport move 0 -5 1275/move farmer 0 -5 0/move farmer 1 0 1/speak Abigail \"{{i18n:64780019_1}}$s\"/pause 500/showframe Abigail 24/pause 1000/emote Abigail 28/pause 500/speak Abigail \"{{i18n:64780019_2}}$s\"/viewport -100 100/changeLocation Hospital/viewport 5 5/warp farmer 2 5/warp Abigail 3 5/showFrame Abigail 4/warp Harvey 5 8/move Harvey 0 -3 3 false/speak Harvey \"{{i18n:Pregnancy_Dialogue_1}}\"/emote farmer 8/emote Abigail 8/speak Harvey \"{{i18n:Pregnancy_Dialogue_2}}$h\"/playmusic musicboxsong/emote farmer 16/speak Abigail \"{{i18n:64780019_3}}$7#$b#... #$b#{{i18n:64780019_4}}#$b# {{i18n:64780019_5}}$l\"/faceDirection Abigail 3/emote Abigail 20/emote farmer 32/end"},
		},

{			"LogName": "Abigail Birth Event 1",
			"Action": "EditData",
			"Target": "Data/Events/Farmhouse",
			"When": {"PlayerGetsPregnant":"false",
				"AdoptionEvents": "off",
				"HasMod |contains=ApryllForever.CPPolyamorySweet": false,},
			"Entries": {"64780031/e 64780019/O Abigail/n Pregnant1_Abigail/A AbigailPregnant/t 600 700 ": "sappypiano/-100 -100/Abigail 19 12 2 farmer 20 12 0 Harvey 5 15 2/addConversationTopic AbigailBabySleep 14/A AbigailPregnant/faceDirection farmer 3/positionOffset Abigail -25 0/skippable/pause 500/speak Abigail \"{{i18n:64780031_1}} $7 #$b# {{i18n:64780031_2}} $7\"/changeLocation Hospital/showFrame Abigail 0/showFrame farmer 6 true/ ambientLight 150 150 150/viewport 14 11 true/pause 1000/speak Abigail \"{{i18n:64780031_3}} #$b# {{i18n:64780031_4}} $s\"/pause 500/showFrame Abigail 26/emote farmer 8/shake Abigail 500/pause 500/speak Abigail \"{{i18n:64780031_5}}#$b# {{i18n:64780031_6}}#$b# {{i18n:64780031_7}}$s #$b#  {{i18n:64780031_8}}$s\"/pause 500/speak Abigail \"{{i18n:64780031_9}} $1\"/pause 500/emote farmer 32/showFrame Abigail 0/pause 500/speak Abigail \"{{i18n:64780031_10}} $h\"/pause 500/emote Abigail 32/pause 500/speak Abigail \"{{i18n:64780031_11}} #$b# {{i18n:64780031_12}} $l\"/pause 500/emote farmer 32/speak Abigail \"{{i18n:64780031_13}}.$l #$b# {{i18n:64780031_14}}#$b# {{i18n:64780031_15}} $1\"/pause 500/emote farmer 20/emote Abigail 20/pause 1000/fade/viewport -100 -100 true/warp Harvey 21 12/faceDirection Harvey 3/warp farmer 20 11/faceDirection Abigail 2/speak Harvey \"{{i18n:Birth_Dialogue_1}}\"/pause 1500/speak Harvey \"{{i18n:Birth_Dialogue_2}}\"/addTemporaryActor {{BabyorBaby_Dark}} 23 15 20 12 2 False Character/positionOffset {{BabyorBaby_Dark}} 0 -65/move farmer 0 0 2/pause 500/message \"{{i18n:Birth_Dialogue_3}}\"/pause 500/speak Harvey \"{{i18n:Birth_Dialogue_4}}$h\"/fade/viewport 18 11 true/pause 500/emote farmer 20/pause 2000/speak Abigail \"{{i18n:Birth_Dialogue_5}}$l\"/emote farmer 20 true/emote Harvey 32 false/pause 1500/viewport -100 -100 true/message \"{{i18n:Birth_Dialogue_7}}\"/pause 1000/end"},
		}, 

]
}