{
	"Changes": [

{		
			"LogName": "Emily Pregnancy Event 1",
			"Action": "EditData",
			"Target": "Data/Events/Farmhouse",
			"When": {"PlayerGetsPregnant":"false",
				"AdoptionEvents": "off",
				"Pregnant": "Emily",
				"HasMod |contains=ApryllForever.CPPolyamorySweet": false,},
			"Entries":{"64780022/O Emily": "continue/28 30/farmer 27 30 0 Emily 29 25 3 Harvey 0 0 0/addConversationTopic EmilyPregnant 13/addMailReceived Pregnant1_Emily/skippable/pause 1250/viewport move 0 -5 1275/move farmer 0 -5 0/move farmer 1 0 1/speak Emily \"{{i18n:64780022_1}}$s#$b# {{i18n:64780022_2}}$s\"/pause 500/showframe Emily 51/pause 1000/emote Emily 28/pause 500/speak Emily \"{{i18n:64780022_3}}$s\"/viewport -100 100/changeLocation Hospital/viewport 5 5/warp farmer 2 5/warp Emily 3 5/showFrame Emily 4/warp Harvey 5 8/move Harvey 0 -3 3 false/speak Harvey \"{{i18n:Pregnancy_Dialogue_1}}\"/emote farmer 8/emote Emily 8/speak Harvey \"{{i18n:Pregnancy_Dialogue_2}}$h\"/playmusic musicboxsong/emote farmer 16/speak Emily \"{{i18n:64780022_4}}$h#$b#{{i18n:64780022_5}}#$b#{{i18n:64780022_6}}$l\"/faceDirection Emily 3/emote Emily 20/emote farmer 32/end"},
		},
		
{			"LogName": "Emily Birth Event",
			"Action": "EditData",
			"Target": "Data/Events/Farmhouse",
			"When": {"PlayerGetsPregnant":"false",
				"AdoptionEvents": "off",
				"HasMod |contains=ApryllForever.CPPolyamorySweet": false,},
			"Entries": {"64780034/e 64780022/O Emily/n Pregnant1_Emily/A EmilyPregnant/t 600 700": "sappypiano/-100 -100/Emily 19 12 2 farmer 20 12 0 Harvey 5 15 2/addConversationTopic EmilyBabySleep/faceDirection farmer 3/positionOffset Emily -25 0/skippable/pause 500/speak Emily \"{{i18n:64780034_1}}#$b# {{i18n:64780034_2}}$l\"/changeLocation Hospital/showFrame Emily 0/showFrame farmer 6 true/ ambientLight 150 150 150/viewport 14 11 true/pause 1000/speak Emily \"{{i18n:64780034_3}}#$b# {{i18n:64780034_4}}$s \"/pause 500/emote Emily 28/speak Emily \"{{i18n:64780034_5}}#$b# {{i18n:64780034_6}}$l\"/pause 500/emote Emily 40/pause 500/speak Emily \"{{i18n:64780034_7}}#$b# {{i18n:64780034_8}}$l \"/pause 500/ emote farmer 60/speak Emily \"{{i18n:64780034_9}}$h #$b# {{i18n:64780034_10}}#$b# {{i18n:64780034_11}} $s\"/showFrame Emily 27/emote farmer 8/shake Emily 500/pause 500/speak Emily \"{{i18n:64780034_12}}$s #$b# {{i18n:64780034_13}}$s\"/pause 500/emote farmer 40/speak Emily \"{{i18n:64780034_14}}$s\"/pause 500/showFrame Emily 0/speak Emily \"{{i18n:64780034_15}}#$b# {{i18n:64780034_16}}$l #$b# {{i18n:64780034_17}}$h\"/pause 500/emote farmer 32/pause 1000/fade/viewport -100 -100 true/warp Harvey 21 12/faceDirection Harvey 3/warp farmer 20 11/faceDirection Emily 2/speak Harvey \"{{i18n:Birth_Dialogue_1}}\"/pause 1500/speak Harvey \"{{i18n:Birth_Dialogue_2}}\"/addTemporaryActor {{BabyorBaby_Dark}} 23 15 20 12 2 False Character/positionOffset {{BabyorBaby_Dark}} 0 -65/move farmer 0 0 2/pause 500/message \"{{i18n:Birth_Dialogue_3}}\"/pause 500/speak Harvey \"{{i18n:Birth_Dialogue_4}}$h\"/fade/viewport 18 11 true/pause 500/emote farmer 20/pause 2000/speak Emily \"{{i18n:Birth_Dialogue_5}}$l\"/emote farmer 20 true/emote Harvey 32 false/pause 1500/viewport -100 -100 true/message \"{{i18n:Birth_Dialogue_7}}\"/pause 1000/end"},
		}, 

//64780059 pregnancy 2

]
}