{
	"Changes": [

{		
			"LogName": "Haley Pregnancy Event 1",
			"Action": "EditData",
			"Target": "Data/Events/Farmhouse",
			"When": {"PlayerGetsPregnant":"false",
				"AdoptionEvents": "off",
				"Pregnant":"Haley",
				"HasMod |contains=ApryllForever.CPPolyamorySweet": false,},
			"Entries":{"64780018/O Haley": "continue/28 30/farmer 27 30 0 Haley 29 25 3 Harvey 0 0 0/addConversationTopic HaleyPregnant 13/addMailReceived Pregnant1_Haley/skippable/pause 1250/viewport move 0 -5 1275/move farmer 0 -5 0/move farmer 1 0 1/speak Haley \"{{i18n:64780018_1}}$s\"/pause 500/showframe Haley 22/pause 1000/emote Haley 28/pause 500/speak Haley \"{{i18n:64780018_2}}$s\"/viewport -100 100/changeLocation Hospital/viewport 5 5/warp farmer 2 5/warp Haley 3 5/showFrame Haley 4/warp Harvey 5 8/move Harvey 0 -3 3 false/speak Harvey \"{{i18n:Pregnancy_Dialogue_1}}\"/emote farmer 8/emote Haley 8/speak Harvey \"{{i18n:Pregnancy_Dialogue_2}}$h\"/playmusic musicboxsong/emote farmer 16/speak Haley \"...$8#$b#...$8#$b#...$l#$b#{{i18n:64780018_3}}$h#$b#{{i18n:64780018_4}}$l\"/faceDirection Haley 3/emote Haley 20/emote farmer 32/end"},
		},

{			"LogName": "Haley Birth Event 1",
			"Action": "EditData",
			"Target": "Data/Events/Farmhouse",
			"When": {"PlayerGetsPregnant":"false",
				"AdoptionEvents": "off",
				"HasMod |contains=ApryllForever.CPPolyamorySweet": false,},
			"Entries": {"64780030/e 64780018/O Haley/n Pregnant1_Haley/A HaleyPregnant/t 600 700": "sappypiano/-100 -100/Haley 19 12 2 farmer 20 12 0 Harvey 5 15 2/addConversationTopic HaleyBabySleep 14/faceDirection farmer 3/positionOffset Haley -25 0/skippable/pause 500/speak Haley \"{{i18n:64780030_1}}$12#$b#{{i18n:64780030_2}}$12\"/changeLocation Hospital/showFrame Haley 0/showFrame farmer 6 true/ ambientLight 150 150 150/viewport 14 11 true/pause 1000/speak Haley \"{{i18n:64780030_3}}$s\"/pause 500/showFrame Haley 22/shake Haley 500/pause 500/speak Haley \"{{i18n:64780030_4}}#$b#{{i18n:64780030_5}}\"/pause 500/showFrame Haley 0/emote farmer 20/pause 500/speak Haley \"{{i18n:64780030_6}}$s #$b# {{i18n:64780030_7}}#$b# {{i18n:64780030_8}}$l\"/pause 500/emote farmer 20/pause 500/speak Haley \"{{i18n:64780030_9}}$2\"/pause 500/emote Haley 60/pause 500/speak Haley \"{{i18n:64780030_10}}#$b# {{i18n:64780030_11}}$1 #$b# {{i18n:64780030_12}}$l\"/pause 500/emote farmer 32/speak Haley \"{{i18n:64780030_13}}#$b#{{i18n:64780030_14}}$l\"/pause 500/emote farmer 20/emote Haley 20/pause 1000/fade/viewport -100 -100 true/warp Harvey 21 12/faceDirection Harvey 3/warp farmer 20 11/faceDirection Haley 2/speak Harvey \"{{i18n:Birth_Dialogue_1}}\"/pause 1500/speak Harvey \"{{i18n:Birth_Dialogue_2}}\"/addTemporaryActor {{BabyorBaby_Dark}} 23 15 20 12 2 False Character/positionOffset {{BabyorBaby_Dark}} 0 -65/move farmer 0 0 2/pause 500/message \"{{i18n:Birth_Dialogue_3}}\"/pause 500/speak Harvey \"{{i18n:Birth_Dialogue_4}}$h\"/fade/viewport 18 11 true/pause 500/emote farmer 20/pause 2000/speak Haley \"{{i18n:Birth_Dialogue_5}}$l\"/emote farmer 20 true/emote Harvey 32 false/pause 1500/viewport -100 -100 true/message \"{{i18n:Birth_Dialogue_7}}\"/pause 1000/end"},
		}, 
	//64780055 pregnancy 2

]
}