{
	"Changes": [
{
			"LogName": "Leah Pregnancy Event 1",
			"Action": "EditData",
			"Target": "Data/Events/Farmhouse",
			"When": {"PlayerGetsPregnant":"false",
				"AdoptionEvents": "off",
 				"Pregnant":"Leah",
				"HasMod |contains=ApryllForever.CPPolyamorySweet": false,},
			"Entries":{"64780017/O Leah": "continue/28 30/farmer 27 30 0 Leah 29 25 3 Harvey 0 0 0/addConversationTopic LeahPregnant 13/addMailReceived Pregnant1_Leah/skippable/pause 1250/viewport move 0 -5 1275/move farmer 0 -5 0/move farmer 1 0 1/speak Leah \"{{i18n:64780017_1}}$s\"/pause 1000/emote Leah 28/pause 500/speak Leah \"{{i18n:64780017_2}}$s\"/viewport -100 100/changeLocation Hospital/viewport 5 5/warp farmer 2 5/warp Leah 3 5/showFrame Leah 4/warp Harvey 5 8/move Harvey 0 -3 3 false/speak Harvey \"{{i18n:Pregnancy_Dialogue_1}}\"/emote farmer 8/emote Leah 8/speak Harvey \"{{i18n:Pregnancy_Dialogue_2}}$h\"/playmusic musicboxsong/emote farmer 16/speak Leah \"...$6#$b#...$6#$b#...$l#$b# {{i18n:64780017_3}} $l #$b# {{i18n:64780017_4}}$h\"/faceDirection Leah 3/emote Leah 20/emote farmer 32/end"},
		},

{			"LogName": "Leah Birth Event",
			"Action": "EditData",
			"Target": "Data/Events/Farmhouse",
			"When": {"PlayerGetsPregnant":"false",
				"AdoptionEvents": "off",
				"HasMod |contains=ApryllForever.CPPolyamorySweet": false,},
			"Entries": {"64780029/e 64780017/O Leah/n Pregnant1_Leah/A LeahPregnant/t 600 700": "sappypiano/-100 -100/Leah 19 12 2 farmer 20 12 2 Harvey 5 15 2/addConversationTopic LeahBabySleep 14/faceDirection farmer 3/positionOffset Leah -25 0/skippable/pause 500/speak Leah \"{{i18n:64780029_1}} #$b# {{i18n:64780029_2}}$4\"/changeLocation Hospital/showFrame Leah 0/showFrame farmer 6 true/ ambientLight 150 150 150/viewport 14 11 true/pause 1000/speak Leah \"{{i18n:64780029_3}}\"/pause 500/emote Leah 20/emote farmer 60/pause 500/speak Leah \"{{i18n:64780029_4}}$h #$b# {{i18n:64780029_5}}#$b# {{i18n:64780029_6}}#$b# {{i18n:64780029_7}} $2\"/pause 500/shake Leah 500/ speak Leah \"{{i18n:64780029_8}}$l\"/pause 500/emote farmer 20/pause 500/speak Leah \"{{i18n:64780029_9}}$h #$b# {{i18n:64780029_10}}$h\"/pause 500/emote farmer 20/pause 500/speak Leah \"{{i18n:64780029_11}} $h\"/pause 1000/fade/viewport -100 -100 true/warp Harvey 21 12/faceDirection Harvey 3/warp farmer 20 11/faceDirection Leah 2/speak Harvey \"{{i18n:Birth_Dialogue_1}}\"/pause 1500/speak Harvey \"{{i18n:Birth_Dialogue_2}}\"/addTemporaryActor {{BabyorBaby_Dark}} 23 15 20 12 2 False Character/positionOffset {{BabyorBaby_Dark}} 0 -65/move farmer 0 0 2/pause 500/message \"{{i18n:Birth_Dialogue_3}}\"/pause 500/speak Harvey \"{{i18n:Birth_Dialogue_4}}$h\"/fade/viewport 18 11 true/pause 500/emote farmer 20/pause 2000/speak Leah \"{{i18n:Birth_Dialogue_5}}$l\"/emote farmer 20 true/emote Harvey 32 false/pause 1500/viewport -100 -100 true/message \"{{i18n:Birth_Dialogue_7}}\"/pause 1000/end"},
		}, 
		
//64780054 pregnancy 2

]
}