{
	"Changes": [

{		
			"LogName": "Maru Pregnancy Event 1",
			"Action": "EditData",
			"Target": "Data/Events/Farmhouse",
			"When": {"PlayerGetsPregnant":"false",
				"AdoptionEvents": "off",
				"Pregnant": "Maru",
				"HasMod |contains=ApryllForever.CPPolyamorySweet": false,},
			"Entries":{"64780021/O Maru": "continue/28 30/farmer 27 30 0 Maru 29 25 3 Harvey 0 0 0/addConversationTopic MaruPregnant 13/addMailReceived Pregnant1_Maru/addMailReceived HospitalOutfit/skippable/pause 1250/viewport move 0 -5 1275/move farmer 0 -5 0/move farmer 1 0 1/speak Maru \"{{i18n:64780021_1}}$s\"/pause 500/showframe Maru 26/pause 1000/emote Maru 28/pause 500/speak Maru \"{{i18n:64780021_2}}$s\"/viewport -100 100/changeLocation Hospital/changeSprite Maru Winter/changePortrait Maru Winter/viewport 5 5/warp farmer 2 5/warp Maru 3 5/showFrame Maru 4/warp Harvey 5 8/move Harvey 0 -3 3 false/speak Harvey \"{{i18n:64780021_3}} $h\"/emote farmer 8 true/emote Maru 8/speak Harvey \"{{i18n:64780021_4}}#$b# {{i18n:64780021_5}}$h\"/playmusic musicboxsong/emote farmer 16/speak Maru \"{{i18n:64780021_6}}#$b# {{i18n:64780021_7}}$h #$b# {{i18n:64780021_8}}$l\"/faceDirection Maru 3/emote Maru 20/emote farmer 32/end"},
		},   		

{			"LogName": "Maru Birth Event 1",
			"Action": "EditData",
			"Target": "Data/Events/Farmhouse",
			"When": {"PlayerGetsPregnant":"false",
				"AdoptionEvents": "off",
				"HasMod |contains=ApryllForever.CPPolyamorySweet": false,},
			"Entries": {"64780033/e 64780021/O Maru/A MaruPregnant/n Pregnant1_Maru/t 600 700": "sappypiano/-100 -100/Maru 19 12 2 farmer 20 12 0 Harvey 5 15 2/addConversationTopic MaruBabySleep/addMailReceived HospitalOutfit1/faceDirection farmer 3/positionOffset Maru -25 0/skippable/pause 500/speak Maru \"{{i18n:64780033_1}} #$b# {{i18n:64780033_2}} $l\"/changeLocation Hospital/changeSprite Maru Winter/changePortrait Maru Winter/showFrame Maru 0/showFrame farmer 6 true/ ambientLight 150 150 150/viewport 14 11 true/pause 1000/speak Maru \"{{i18n:64780033_3}}#$b# {{i18n:64780033_4}}$s #$b# {{i18n:64780033_5}}$s\"/pause 500/emote Maru 28/speak Maru \"{{i18n:64780033_6}}#$b# {{i18n:64780033_7}}$s\"/pause 500/emote Maru 40/pause 500/speak Maru \"{{i18n:64780033_8}} $s\"/showFrame Maru 26/emote farmer 8/shake Maru 500/pause 500/speak Maru \"{{i18n:64780033_9}} $s #$b# {{i18n:64780033_10}}$s\"/pause 500/emote farmer 40/speak Maru \"{{i18n:64780033_11}}$s\"/pause 500/showFrame Maru 0/speak Maru \"{{i18n:64780033_12}}#$b# {{i18n:64780033_13}}$h\"/pause 500/emote farmer 32/speak Maru \"{{i18n:64780033_14}}#$b# {{i18n:64780033_15}}$h\"/pause 500/showFrame farmer 35 true/positionOffset farmer -25 0/emote farmer 20 true/emote Maru 20/pause 1000/fade/viewport -100 -100 true/warp Harvey 21 12/faceDirection Harvey 3/warp farmer 20 11/faceDirection Maru 2/speak Harvey \"{{i18n:Birth_Dialogue_1}}\"/pause 1500/speak Harvey \"{{i18n:Birth_Dialogue_2}}\"/addTemporaryActor {{BabyorBaby_Dark}} 23 15 20 12 2 False Character/positionOffset {{BabyorBaby_Dark}} 0 -65/move farmer 0 0 2/pause 500/message \"{{i18n:Birth_Dialogue_3}}\"/pause 500/speak Harvey \"{{i18n:Birth_Dialogue_4}}$h\"/fade/viewport 18 11 true/pause 500/emote farmer 20/pause 2000/speak Maru \"{{i18n:Birth_Dialogue_5}}$l\"/emote farmer 20 true/emote Harvey 32 false/pause 1500/viewport -100 -100 true/message \"{{i18n:Birth_Dialogue_7}}\"/pause 1000/end"},
		}, 

//64780058 pregnancy 2
]
}