{
	"Changes": [

{		
			"LogName": "Penny Pregnancy Event 1",
			"Action": "EditData",
			"Target": "Data/Events/Farmhouse",
			"When": { "PlayerGetsPregnant":"false", 
				"AdoptionEvents": "off",
				 "Pregnant": "Penny",
				"HasMod |contains=ApryllForever.CPPolyamorySweet": false,},
			"Entries":{"64780020/O Penny": "continue/28 30/farmer 27 30 0 Penny 29 25 3 Harvey 0 0 0/addConversationTopic PennyPregnant 13/addMailReceived Pregnant1_Penny/skippable/pause 1250/viewport move 0 -5 1275/move farmer 0 -5 0/move farmer 1 0 1/speak Penny \"{{i18n:64780020_1}} #$b# {{i18n:64780020_2}}$s\"/pause 500/showframe Penny 23/pause 1000/emote Penny 28/pause 500/speak Penny \"{{i18n:64780020_3}}$s\"/viewport -100 100/changeLocation Hospital/viewport 5 5/warp farmer 2 5/warp Penny 3 5/showFrame Penny 4/warp Harvey 5 8/move Harvey 0 -3 3 false/speak Harvey \"{{i18n:Pregnancy_Dialogue_1}}\"/emote farmer 8 true/emote Penny 8/speak Harvey \"{{i18n:Pregnancy_Dialogue_2}}$h\"/playmusic musicboxsong/emote farmer 16/speak Penny \"{{i18n:64780020_4}}$h #$b#...$l#$b#{{i18n:64780020_5}} $l\"/faceDirection Penny 3/emote Penny 20/emote farmer 32/end"},
		},
{			"LogName": "Penny Birth Event 1",
			"Action": "EditData",
			"Target": "Data/Events/Farmhouse",
			"When": {"PlayerGetsPregnant":"false",
				"AdoptionEvents": "off",
				"HasMod |contains=ApryllForever.CPPolyamorySweet": false,},
			"Entries": {"64780032/e 64780020/O Penny/A PennyPregnant/n Pregnant1_Penny/t 600 700": "sappypiano/-100 -100/Penny 19 12 2 farmer 20 11 0 Harvey 5 15 2 Pam -100 -100 0/addConversationTopic PennyBabySleep 14/faceDirection farmer 3/positionOffset Penny -25 0/skippable/pause 500/speak Penny \"{{i18n:64780032_1}}#$b# {{i18n:64780032_2}}$l\"/changeLocation Hospital/showFrame Penny 0/showFrame farmer 6 true/ ambientLight 150 150 150/viewport 13 12 true/pause 1000/speak Penny \"{{i18n:64780032_3}}$h #$b# {{i18n:64780032_4}} #$b#{{i18n:64780032_5}} $s\"/pause 500/showFrame Penny 23/emote farmer 8/shake Penny 500/pause 500/speak Penny \"{{i18n:64780032_6}} $s\"/pause 500/emote Penny 60/speak Penny \"{{i18n:64780032_7}} $s\"/playSound doorClose/warp Pam 10 19/emote Harvey 16/speed Pam 4/advancedmove Pam false 0 -5/pause 1500/doAction 10 13/playSound doorClose/viewport move 1 0 4000/advancedmove Pam false 0 -7 6 0 0 1 6 0 0 4 -2 0/pause 7500/showFrame Penny 0/emote Penny 8/pause 500/speak Pam \"{{i18n:64780032_8}} $2\"/pause 500/speak Penny \"{{i18n:64780032_9}}\"/pause 500/speak Pam \"{{i18n:64780032_10}} $1 #$b# {{i18n:64780032_11}}$s #$b# {{i18n:64780032_12}}\"/pause 500/emote Penny 20/speak Penny \"{{i18n:64780032_13}} #$b# {{i18n:64780032_14}}  #$b# {{i18n:64780032_15}} $s\"/pause 500/emote Pam 20/speak Pam \"{{i18n:64780032_16}} #$b# {{i18n:64780032_17}} $1 #$b# {{i18n:64780032_18}}#$b# {{i18n:64780032_19}} $1\"/pause 500/emote Penny 32/speak Pam \"{{i18n:64780032_20}} #$b# {{i18n:64780032_21}} $1 #$b# {{i18n:64780032_22}}\"/fade/viewport -100 -100 true/warp Harvey 21 12/faceDirection Harvey 3/warp Pam 22 11/faceDirection Pam 2/warp farmer 20 11/faceDirection farmer 2/faceDirection Penny 2/speak Harvey \"{{i18n:Birth_Dialogue_1}}\"/pause 1500/speak Harvey \"{{i18n:Birth_Dialogue_2}}\"/addTemporaryActor {{BabyorBaby_Dark}} 23 15 20 12 2 False Character/positionOffset {{BabyorBaby_Dark}} 0 -65/pause 500/message \"{{i18n:Birth_Dialogue_3}}\"/pause 500/speak Harvey \"{{i18n:Birth_Dialogue_4}}$h\"/fade/viewport 18 11 true/pause 500/pause 2000/speak Penny \"{{i18n:Birth_Dialogue_5}}$l\"/emote farmer 20 true/ emote Pam 20 false/emote Harvey 32 false/pause 1500/viewport -100 -100 true/message \"{{i18n:Birth_Dialogue_7}}\"/pause 1000/end"},
		}, 

//64780057 pregnancy 2
]
}